method,ct_icp,ct_icp,ct_icp,ct_icp,ct_icp,ct_icp,ct_icp,gps_imu,gps_imu,gps_imu,gps_imu,gps_imu,gps_imu,gps_imu,icp_rtabmap,icp_rtabmap,icp_rtabmap,icp_rtabmap,icp_rtabmap,icp_rtabmap,icp_rtabmap,ORB,ORB,ORB,ORB,ORB,ORB,ORB,rtk_xsens,rtk_xsens,rtk_xsens,rtk_xsens,rtk_xsens,rtk_xsens,rtk_xsens,viso2,viso2,viso2,viso2,viso2,viso2,viso2,VO_rtabmap,VO_rtabmap,VO_rtabmap,VO_rtabmap,VO_rtabmap,VO_rtabmap,VO_rtabmap
value,stamp,tx,ty,tz,roll,pitch,yaw,stamp,tx,ty,tz,roll,pitch,yaw,stamp,tx,ty,tz,roll,pitch,yaw,stamp,tx,ty,tz,roll,pitch,yaw,stamp,tx,ty,tz,roll,pitch,yaw,stamp,tx,ty,tz,roll,pitch,yaw,stamp,tx,ty,tz,roll,pitch,yaw
0,1.6807775186886597e+18,0.0,0.0,0.0,0.0,0.0,0.0,1.6807775186886597e+18,0.0,0.0,0.0,0.0,0.0,0.0,1.6807775186886597e+18,0.0,0.0,0.0,0.0,0.0,0.0,1.6807775186886597e+18,0.0,0.0,0.0,0.0,0.0,0.0,1.6807775186886597e+18,0.0,0.0,0.0,0.0,0.0,0.0,1.6807775186886597e+18,0.0,0.0,0.0,0.0,0.0,0.0,1.6807775186886597e+18,0.0,0.0,0.0,0.0,0.0,0.0
1,1.6807775188516122e+18,0.0209776389242399,0.0124040317254227,0.0191266394747289,0.027866544906041,0.0326477038601291,0.6159297158461915,1.6807775188516122e+18,-0.0008174858395215,0.009663888661948,0.0127479006139417,-0.0117565831427508,0.0598107344591532,0.1677850991759072,1.6807775188516122e+18,0.0169438157532431,0.00238344629855,0.0294105029406943,0.1256370155718159,0.0973954718797243,0.5971722744212533,1.6807775188516122e+18,0.0016954757620402,-0.0065208191610102,-0.0004965616260049,0.2747926413179089,0.1039710942274142,0.5410210411038239,1.6807775188516122e+18,0.0103496573865413,-0.004016357474029,-0.0001204742948175,0.1695658683710112,0.1152370400415307,0.6028995364448865,1.6807775188516122e+18,-0.5250542759895325,-0.032529181567952,-0.0248467558994889,0.2929292754265084,0.1066506305028843,0.545130050830631,1.6807775188516122e+18,0.0323260611471214,-0.0064434717090798,0.0216116937703493,0.3009296081896847,0.1078313727661019,0.5418716286804871
2,1.6807775191626452e+18,0.0270842924405068,-0.0190499423817547,-0.0166680782383372,-0.6565447096308412,0.0002448391926202,0.8664531530829468,1.6807775191626452e+18,-0.0079362655697128,0.0371110678226553,-0.0060548889297793,-0.0826595091901628,0.1901096527906549,0.952512749453404,1.6807775191626452e+18,0.0078183678902812,0.008952754813987,0.0460858292312869,-0.5639019315266292,0.0338346216180447,0.9270952640487484,1.6807775191626452e+18,0.0033509733086223,-0.004929109377056,0.0015088041291002,-0.1925787641283943,0.1328080486485186,1.066341198240472,1.6807775191626452e+18,0.0103070447221398,-0.0041253152303397,-8.753588190302253e-05,-0.4972997791947888,0.0429968876651909,0.9733263966480966,1.6807775191626452e+18,-14.264683866873384,-1.8694793917238712,-0.1689921312499791,0.1019139369974729,0.1325995486440047,0.9565619939452388,1.6807775191626452e+18,0.0414650038471631,0.0231699629677516,0.020469081303774,-0.1814897417766029,0.1348973835534618,1.06425556203512
3,1.6807775193185818e+18,0.0123561615671645,0.002393553700832,-0.0077978189655269,-0.1343113427616905,-0.0847813346889869,0.3989509159669833,1.6807775193185818e+18,-0.0117929487537287,0.0258409541262338,0.0092309923312381,-0.0693403801212329,0.0046807610634354,0.7012360945789168,1.6807775193185818e+18,0.0075827126567746,-0.0019855483015129,-0.0323311362167666,-0.192191649311417,-0.0392377688688238,0.3918658954711329,1.6807775193185818e+18,0.0029046220068904,0.0014634382699176,0.0015182104461968,-0.3429803228884898,-0.0098158824503345,0.4236183309252422,1.6807775193185818e+18,0.0134592726826667,0.0033719260245561,5.2158757171127945e-05,-0.2528783402955462,-0.0511342767639449,0.3986631714062766,1.6807775193185818e+18,-19.95432307757437,-2.249823932070285,-0.469032040447928,0.0705096079678369,0.0009724614486779,0.271429855658178,1.6807775193185818e+18,0.0408985031938682,0.0049779869249192,0.0005250264851422,-0.338746941677325,-0.011034590774894,0.4237075683857406
4,1.6807775194745582e+18,0.0162030534364472,0.0138780196575412,0.0288439457359311,0.1162407717040537,-0.1047059276354997,0.2978971274877853,1.6807775194745582e+18,-0.0248128980209805,0.0156200260370644,0.0124843876629086,-0.0195792705149053,-0.0050634334732754,0.3611178319186241,1.6807775194745582e+18,0.0089232479773881,0.0090159730098861,-0.0135613513456085,0.052588750892505,-0.0973407244461836,0.3705187870355023,1.6807775194745582e+18,-0.0002046597169185,-0.0010860628907646,0.0002503221545333,-0.1413094565191456,-0.0589533456701545,0.3909669278964666,1.6807775194745582e+18,0.0134824379347264,0.0032779914326965,5.4594434914179146e-05,-0.0037114891875157,-0.0964011962926897,0.3735262104994081,1.6807775194745582e+18,-0.5262410286813974,-0.0192014982458204,-0.0354959834367036,-0.1702351510879806,-0.0556115335349515,0.3903224421810405,1.6807775194745582e+18,-0.0109772944601695,0.0082406455817697,-0.0277397602367943,-0.1277984397408235,-0.0623350727728138,0.3905204911084139
5,1.6807775196465992e+18,0.0105692643713206,0.0091238992023721,0.0217335130666338,0.1233437959893469,-0.2291107536802325,0.5101697570175218,1.6807775196465992e+18,-0.0215446164458408,0.0273265624924865,0.014414569677374,-0.0023608638948402,-0.1740661563533692,0.7294729463412152,1.6807775196465992e+18,0.0156523071618162,-0.0069468169002211,0.0096559457415864,0.093461912865461,-0.1346142508211931,0.4186724701675546,1.6807775196465992e+18,-0.0034803606985462,-0.003291420306601,-0.0011190957154724,0.0397261959882863,-0.1105482344931592,0.4080681226044548,1.6807775196465992e+18,0.013503604568541,0.0031900205649435,3.208091948181391e-05,0.117174355665943,-0.14883829595994,0.415140992430187,1.6807775196465992e+18,0.0125520210713148,-0.0236416270490735,-0.0339930244954302,0.042982134177606,-0.1156030583017027,0.409179496833496,1.6807775196465992e+18,0.032642516112233,0.0016586563351731,0.0243236697767531,0.0502378044870481,-0.1093437541898973,0.4066084689853615
6,1.680777519968621e+18,0.0386821735807254,-0.0027693709406486,0.0096201113027415,0.04633011161015,-0.0612792748337937,1.0674243067118012,1.680777519968621e+18,-0.0393665496326225,0.0364493906417107,-0.0019234517497652,0.0694075617411536,-0.0780216561498244,0.9952086653561836,1.680777519968621e+18,0.0593477768198864,0.0315845678422622,0.0105317619167993,0.0836083183660497,-0.2589854773622803,0.9928028136781148,1.680777519968621e+18,-0.0038835374525092,-0.0073115051944342,-0.0026514132738114,0.1309082475534405,-0.2888821171962916,0.8629758479155218,1.680777519968621e+18,0.0236698491498827,-0.0014178017154335,-0.0001894832093967,0.0891861054958944,-0.2760361727853714,0.9299923826155112,1.680777519968621e+18,6.84196964558214,1.4551492254249752,-2.1833506756229326,-0.0071230833972519,-0.4571983087978391,0.6339907215571199,1.680777519968621e+18,-0.0453692261075007,0.0066496172337089,0.0255556956766768,0.1382132076635628,-0.286105621983956,0.8639925121701351
7,1.680777520125686e+18,0.0552894946991049,0.026455051438586,-0.0133118801790002,-0.0353182809656162,-0.0556181894397883,0.6707471128719524,1.680777520125686e+18,-0.019910388599015,0.0150245070035526,0.0002588019951561,0.1216455796922717,-0.0290262661547715,0.5544282193112309,1.680777520125686e+18,0.0500277156503505,0.0179049757169906,-0.0003315360327412,-0.0193629182769521,-0.0210043960917632,0.6792066957485853,1.680777520125686e+18,0.0006755406883698,-0.0039248360303739,-0.000551676899845,0.0130289599777302,-0.0814407298069876,0.5402645146671684,1.680777520125686e+18,0.0100679299794137,-0.0046742781996726,-0.0002213342959294,-0.023752648021722,-0.0494327956430328,0.6232385532022676,1.680777520125686e+18,7.60928815510124,1.5321874057408422,-2.4787633309606463,-0.1346671590000203,-0.2463268959701277,0.2853466447274571,1.680777520125686e+18,0.0775251327596144,0.0083110224398648,-0.0136138457311082,0.0386939635701011,-0.0814002977981429,0.5394688418645298
8,1.680777520281588e+18,0.0410654406574941,0.0060303727378164,-0.0225711044265435,0.0692663838131232,0.1060963579717489,0.8645318259838205,1.680777520281588e+18,-0.0293715943407091,0.0102226956980393,-0.002455640083343,0.0503669080661562,-0.0093324434846156,0.5262882695002887,1.680777520281588e+18,0.0506091043901753,0.0245256439712682,-0.016677322366899,0.0227467323694737,0.044166270622833,0.796844376484564,1.680777520281588e+18,0.0024703793633769,-0.0042078989419188,0.0001040608644535,-0.034864799626441,-0.0087791220148237,0.6971895217961864,1.680777520281588e+18,0.0171936275437474,0.0102318725548684,5.224109918344766e-05,-0.0079296450625034,0.0149251521756185,0.7703669210549555,1.680777520281588e+18,0.1445122146978974,-0.0118187447078526,0.1163638813886791,-0.0538545949929637,-0.0111747445330915,0.6945780505855433,1.680777520281588e+18,0.1154465725710771,0.0200579264451761,0.03402152366719,-0.0372515334500061,-0.0101316297550515,0.6931286090485618
9,1.6807775205965297e+18,0.1405800841186915,0.0588111960200584,-0.0213646507021553,0.7072789397233159,0.2109942823511962,1.948085437806254,1.6807775205965297e+18,-0.0736207293557087,0.0153099283023931,0.0113117395164659,0.1256854335163342,-0.0214209183132866,1.4746679119025168,1.6807775205965297e+18,0.1388219509757053,0.0484297803353416,-0.060829814583478,0.6233309814389766,0.2227771721158438,1.902637661708692,1.6807775205965297e+18,0.0119988587189325,-0.0155142839382121,-0.0006704964977818,0.3225988851897829,0.1202964441225976,1.751034881936183,1.6807775205965297e+18,0.0409211502410471,0.0076232189312577,-0.000257862440776,0.5415289559481093,0.1446944457691171,1.8529112712085232,1.6807775205965297e+18,-10.8808988397941,-0.6142121201846749,2.053943611914292,-1.9983175082329905,0.1801224116394861,1.0368641606117466,1.6807775205965297e+18,0.1559879524727989,0.0081647325865958,-0.0194744037390478,0.3341372816254033,0.11864873623363,1.7478439787602171
10,1.6807775207484977e+18,0.0790756080189369,0.0117224152947008,0.0020990617830216,0.2354728716266498,0.0526765991327191,0.9841513819725896,1.6807775207484977e+18,-0.024406404110616,0.0250937466671552,0.002128912459999,0.0101434305782612,0.1311473666651047,1.010860813041213,1.6807775207484977e+18,0.0853596711705479,0.0181457718484074,0.031667932727893,0.3174600456922141,0.076355242340707,1.0244353055573898,1.6807775207484977e+18,0.0097933167046537,-0.011619354160283,-0.0008807895196685,0.3945719194607785,0.0999951371719922,0.973751863066328,1.6807775207484977e+18,0.0587904551066458,0.0157291195355355,-0.0001999243104364,0.3585959102886315,0.0914396974941759,1.005796015800943,1.6807775207484977e+18,0.276082013733685,0.0370705449022352,0.02113013563212,0.3766300853973529,0.0992913260633816,0.9726917642890872,1.6807775207484977e+18,-0.1983660904980002,0.0638675327781132,-0.0153057485580141,0.4342664317757161,0.0961452426731594,0.9641380752734486
11,1.6807775209114606e+18,0.1020904159852102,0.025304956233455,0.0058460670259124,-0.1952624774131735,-0.1375181768912421,1.0732660648814494,1.6807775209114606e+18,-0.0462636424688001,-0.0057305311029645,-0.0056673429788665,0.0051511570979172,0.0969641469399716,0.9491056909499832,1.6807775209114606e+18,0.0868925441680295,0.0197352290995382,0.0519587230409849,-0.0704484445190662,-0.0537267716355897,1.048317864242282,1.6807775209114606e+18,0.0036389215130716,-0.0106275011111223,-0.0008418716085247,0.2907925323128156,0.0698060125598878,1.0971008218975664,1.6807775209114606e+18,0.0728081446141004,0.0165504594333469,-0.0002584670146461,0.0516425185068612,-0.0290313366744822,1.0750441208186388,1.6807775209114606e+18,4.371649908833206,0.3592560095712542,-0.1183678510133177,0.4252858982579558,0.0816866242017005,0.4162757006538723,1.6807775209114606e+18,0.4835271004241814,0.0525595785763833,0.0935132334116946,0.2695728830408272,0.0812979365773354,1.0941349248785546
12,1.680777521065461e+18,0.1023171305350434,0.0292611563711404,-0.0052432603980545,-0.4810077560725311,-0.2089887953645718,0.8046606874819602,1.680777521065461e+18,-0.0588015501951362,-0.0202266545324423,-0.0244998880334295,-0.0138255538157559,0.1811970305193068,0.9085744205470614,1.680777521065461e+18,0.0908299334525306,0.0276220190999896,0.0352519192385001,-0.3432395315053757,-0.1905933412745143,0.8908312640145534,1.680777521065461e+18,-0.0015910467497972,-0.0047952796034917,-0.0003802695060327,-0.1117744742744145,-0.0936533010478577,0.9886489414209604,1.680777521065461e+18,0.1006712764501571,0.0183778903447091,-0.000447695965704,-0.315777132366863,-0.1993185616109473,0.91069279622012,1.680777521065461e+18,0.462480429559946,0.015709372004494,-0.0328260808018967,-0.0757520903776925,-0.0746039553951449,0.9152035648384086,1.680777521065461e+18,0.3249835497033295,0.0818101784893321,-0.0625705280456094,-0.0793892205349267,-0.1015954482385511,0.9847256575133422
13,1.6807775212224492e+18,0.1221722525856883,0.0170583172033731,0.0060639951731919,-0.419819194753626,-0.1910026945878957,0.7883240061272031,1.6807775212224492e+18,-0.0624921384070782,-0.0119976387483031,-0.0001137880421451,0.0450999982355268,0.1080695637167958,1.280619347696593,1.6807775212224492e+18,0.096827932106283,0.0333088045796059,-0.016489731997641,-0.486058576498624,-0.1475909331688309,0.8117148218917755,1.6807775212224492e+18,-0.0012870141979339,-0.0008465270174713,0.0001067767048512,-0.411055547348755,-0.1905025170392268,0.9032355374882496,1.6807775212224492e+18,0.1146609028801322,0.0183021021075546,-0.0108146288548596,-0.489180333625631,-0.217961584190025,0.8134080826694816,1.6807775212224492e+18,0.6393714547157288,0.1230354947037994,0.0472263684496283,-0.4037587486432288,-0.186698013358073,0.8931012686853551,1.6807775212224492e+18,-0.7947296787594285,-0.1475624092341821,-0.0484728129312194,-0.3861736279063297,-0.192522990060413,0.9106114049236144
14,1.6807775215334175e+18,0.2239345348336971,0.0441497088284621,0.0434106460498767,-0.2767425760231641,-0.2349580724338225,1.1193198484731068,1.6807775215334175e+18,-0.1335795694355532,-0.0560347762688169,0.0110004802879366,0.1932195345693081,-0.2337486403264401,1.914430758883676,1.6807775215334175e+18,0.2126495857208343,0.0247226305878807,-0.0448348255056528,-0.4550027521848929,-0.2745928599912979,1.2155305792009532,1.6807775215334175e+18,0.0068343951877745,-0.0004878386037144,0.0017956297301244,-0.789758792191876,-0.2867557366550132,1.474923192641474,1.6807775215334175e+18,0.1194034093059599,0.0235979268327355,-0.0010075482859974,-0.5621401205343142,-0.3133227216156954,1.2815155996289165,1.6807775215334175e+18,20.41105762589723,-0.2257489447947591,0.4354345286265015,-1.288954943560514,-0.2372664829386302,0.9630835649716796,1.6807775215334175e+18,1.155041144110836,0.1640092164010493,0.0290200079033509,-0.7957078947192774,-0.2852121862122338,1.463754644917934
15,1.6807775217114547e+18,0.166424052693511,0.0101734150641354,0.0144719830791746,0.3874541004856989,0.0133722202942748,0.164479034169195,1.6807775217114547e+18,-0.0826879965742828,-0.0480359339606508,-0.0006014986179145,0.0830422616480798,-0.0986204434226873,0.9337298493788538,1.6807775217114547e+18,0.1384797391052092,0.0014216395825292,-0.0432001899522166,0.2418860684545647,0.0026611808194574,0.3280258786008676,1.6807775217114547e+18,0.0033576141935638,-0.0036482738020265,-0.0003766880070038,-0.0230568133107338,-0.1080871576150323,0.5305259234994973,1.6807775217114547e+18,0.1340981982648372,0.0211538556031882,0.0183087270124815,0.1726821279336034,-0.0423158756782191,0.382816974346443,1.6807775217114547e+18,-0.0023132115602493,5.739438347518444e-05,-0.0003643432864919,-0.042583190785389,-0.1085108744608947,0.5283928565986065,1.6807775217114547e+18,0.3155368489030863,0.0457720891922983,-0.0386491142511991,-0.0254408887749908,-0.1160380990207183,0.5253903315167556
16,1.6807775218694113e+18,0.1480166928710105,0.0078855216641295,-0.0037970416126345,0.5307819028935509,0.0835027310356214,0.0297839246118077,1.6807775218694113e+18,-0.1333288532358569,-0.1225148259783841,-0.01618441072348,0.1445900763934956,-0.1711117398979247,0.712848705060989,1.6807775218694113e+18,0.1384561808664841,0.0019659364653257,-0.0341652130682508,0.4784803829342668,0.0369090460896995,0.0588563322901386,1.6807775218694113e+18,0.0025372673879662,-0.0049958968470515,-0.001249784997486,0.2719673021872523,0.0096648670366295,0.2402545151046805,1.6807775218694113e+18,0.1388603243976831,0.027239928022027,0.018272329296451,0.4341124902524862,0.0290674031771986,0.0968741287059903,1.6807775218694113e+18,-0.0014305626973509,0.0757428779033944,-0.1096711670979857,0.3036141069912049,0.0093375858363396,0.2362847590819295,1.6807775218694113e+18,-0.4839852423389494,-0.041997155584528,0.0443812915255025,0.2900599737194556,0.0159941000851331,0.2388671018098158
17,1.6807775221803692e+18,0.307216673491018,0.0003426349628732,-0.0647012622258683,0.4033559966555294,0.5510945454892151,-0.2128476945277233,1.6807775221803692e+18,-0.193779883539284,-0.183947223148309,-0.019427308504869,0.1949320692541117,0.0095524346173612,0.5110838106139972,1.6807775221803692e+18,0.313189358857084,-0.000799563328379,0.0442682366253646,0.5894514915760589,0.4240597878247999,-0.1922430097297993,1.6807775221803692e+18,0.0050487547066042,-0.0107010411210175,-0.00267890533352,0.9181847614387518,0.2097014228635874,-0.0888072005355455,1.6807775221803692e+18,0.1708532739430666,0.0160317020490765,-0.0026934285706374,0.7686851413974033,0.3985578764531711,-0.2038703757920354,1.6807775221803692e+18,0.5198224922642112,-0.0431336886249482,0.0433882618090137,0.9162114884276376,0.2075581039779432,-0.0846618714338781,1.6807775221803692e+18,0.3492209606711878,0.1667534312009312,0.040297355893452,0.8862523202981196,0.21526787903987,-0.1141450603805409
18,1.680777522336414e+18,0.1553072668061226,0.0124365791936231,-0.0243916096286573,-0.26240045195589,0.1567425527686438,0.0145722910781754,1.680777522336414e+18,-0.0861867538929141,-0.1115354545390263,-0.0233903556368133,-0.0132140287469951,0.2578612611533467,-0.3646513065643627,1.680777522336414e+18,0.1682565896462158,0.0040898243035447,0.0476363836744907,-0.1660593811988918,0.1536901934617688,-0.0316967407850372,1.680777522336414e+18,0.0033104724571906,-0.0006987670846305,0.0015323082429196,0.128660931526972,0.2877211484546833,-0.1122780292943917,1.680777522336414e+18,0.1893186224624514,0.0043554240837693,-0.0020439693180378,-0.0884610234180113,0.2094422482862424,-0.0531445738752567,1.680777522336414e+18,1.0701610455289483,0.0528089179424569,0.0837713747750967,0.0993008934639406,0.2866678296798085,-0.118023295879125,1.680777522336414e+18,-0.0635865226733223,-0.0999461719928249,-0.0281794315490079,0.1529596851705531,0.2834501713922405,-0.0994582785850993
19,1.6807775224964055e+18,0.1783145227283533,0.0386246593319321,0.0160419987643742,-0.572421259198472,-0.2714963230636157,0.1381248070405412,1.6807775224964055e+18,-0.1140432722428045,-0.1432814703651344,-0.040673808519684,-0.0040899893001432,0.0945656993331669,0.2017350750770642,1.6807775224964055e+18,0.1774183180668913,0.0259271282985125,0.0397953899974411,-0.4768353751085914,-0.1359923451833178,0.1124033479803793,1.6807775224964055e+18,0.0020243775769568,0.0027938184941985,0.0016903814124988,-0.2485239738416903,0.1173919587770325,0.0115319615740129,1.6807775224964055e+18,0.1892471183091402,0.0046396534889936,-0.0113440905843162,-0.4431542159034012,-0.0717297237818195,0.0782800888769367,1.6807775224964055e+18,-0.0367953749373555,-0.0620225026505067,0.061679242295213,-0.2174104120946177,0.1150803894998901,0.0133924619925132,1.6807775224964055e+18,0.4385257943970231,0.1134826806871984,-0.0044845777354859,-0.2351206251734993,0.1126772175483176,-0.0008108368358267
20,1.6807775226683538e+18,0.1966979529177575,0.0039114353928713,0.0085164966422482,-0.3199972525303542,-0.3548672547469843,0.3384907554642563,1.6807775226683538e+18,-0.1198491547087288,-0.1599123295935696,-0.0244714288349019,-0.0646387072448486,0.1096309167684561,-0.1312246341709043,1.6807775226683538e+18,0.2070548259125875,0.0416642028642397,-0.0356096497682413,-0.4002569181866221,-0.3395397055771011,0.2515400549228301,1.6807775226683538e+18,-0.000519453841643,0.005825876591045,0.0014674271666627,-0.5525145322611671,-0.1624904886925206,0.1502195735080572,1.6807775226683538e+18,0.203090684954077,0.0052720885723829,-0.0116511202359106,-0.5511044209451905,-0.3107918997442427,0.2091917038069287,1.6807775226683538e+18,0.0159044889733195,0.0191060233628377,-0.0303431173088029,-0.5626930283408574,-0.1632662260635252,0.1523039308786385,1.6807775226683538e+18,-0.0843488661098224,-0.0885590112087864,0.0243805742054636,-0.600467589274787,-0.1596824970515563,0.1613367916932321
21,1.6807775228312858e+18,0.2025570648827415,0.0212260944914179,-0.0042764382572858,0.2908462500469413,-0.1958627578359921,0.47365098561813,1.6807775228312858e+18,-0.1213840723677611,-0.1541595034380609,-0.0123625519189474,0.0371613230749598,-0.1901614482718564,-0.1673593427524201,1.6807775228312858e+18,0.2001884110606298,0.0265360119108868,-0.0634455007124801,0.1372995232698575,-0.220620647688672,0.4437250245062165,1.6807775228312858e+18,0.0035231142938147,0.0019006109763801,-0.0003956633872059,-0.3476770222724044,-0.2932365719491145,0.2774378789385525,1.6807775228312858e+18,0.2122931387275457,0.0184881086461246,-0.0124494399642571,0.034784420003861,-0.2929784628596233,0.3748644046290702,1.6807775228312858e+18,0.4233812624588609,2.149281737278216,-5.521245652693324,-0.2117568123610053,-0.5549618983363237,-0.0606721856974491,1.6807775228312858e+18,0.0156188200533566,-0.0270658120487007,0.0112834329809103,-0.3040320164190628,-0.2901318384484399,0.279427241112437
22,1.680777523147255e+18,0.3773776073800281,0.0761684367089521,-0.0010909810736511,0.233651494365646,0.2153706010332977,1.0126368505848755,1.680777523147255e+18,-0.2177155197568363,-0.2631172426551829,-0.0224056253699815,0.2464226117062834,-0.0930330698510264,0.5664101442005385,1.680777523147255e+18,0.3857203370803841,0.0377421376033351,0.0382968339451574,0.3342876831520203,0.0830458357161485,1.1090652096148497,1.680777523147255e+18,-0.0021168519977772,-0.0124150330911858,-0.0035482727446447,0.4952003453478797,-0.2203721855137718,1.059441765035911,1.680777523147255e+18,0.2218741625547409,0.0305896764621138,-0.0033484299201518,0.4603114180790179,-0.0026715651354608,1.1141057051609518,1.680777523147255e+18,0.498418191447854,-0.0365920164622366,0.1022525971056893,0.5388079886906912,-0.2047215704500678,1.0603852414763342,1.680777523147255e+18,0.0975501485041938,0.0736474650264755,-0.0528857194461935,0.5136028667650325,-0.228132008356148,1.0489031675256053
23,1.6807775232982953e+18,0.1870508111368938,0.0004995376184071,0.0062116150355089,0.0554703496728692,0.1608419453343679,0.2391559870700138,1.6807775232982953e+18,-0.1112830268859884,-0.1410660198652729,-0.0181319595424964,0.0813791255325488,0.009414040795675,0.335998163138314,1.6807775232982953e+18,0.1752865433286263,-0.0034590331460657,-0.0173397003945223,0.0018261120666721,0.19180182986703,0.2432667891502541,1.6807775232982953e+18,0.0109061843796904,-0.0039595491453647,0.0011146306935286,0.0434151492583119,0.1546591872599564,0.4531491756697183,1.6807775232982953e+18,0.2316741570830345,0.0196380750276148,0.0061326322465902,-0.0291237164597899,0.1933497498734223,0.311732520802934,1.6807775232982953e+18,-0.0339022893458604,-0.0767341348109766,0.0441713037434965,0.0121945913668419,0.1556144056781093,0.453162856349844,1.6807775232982953e+18,0.2260645303272532,-0.0091435569014783,0.0742432965039175,0.0692178462075791,0.1623477167975712,0.4543738571394802
24,1.680777523459325e+18,0.2096319876846699,0.009766796873285,-0.0243455740705696,0.1127754612455553,0.0720157812267322,0.0830978019033014,1.680777523459325e+18,-0.1436678108019826,-0.1672992853205746,-0.0120293455685978,0.0897605851010517,0.0291367948895734,0.3362549587489887,1.680777523459325e+18,0.1964396090623594,0.0046541531456969,-0.005883392790196,0.1332784908812884,0.127180481106412,0.1277668193599376,1.680777523459325e+18,0.0061342266861919,-0.0021616683325751,0.0011201437396778,0.0303914226271238,0.2100562205985448,0.2528654377811528,1.680777523459325e+18,0.2456258526071906,0.0186887625604867,0.0067237429466331,0.113357822471032,0.1733133521326794,0.135018698003168,1.680777523459325e+18,0.5137601755559444,-0.0406156798126176,0.0644446820951998,0.0426589749669916,0.2100230505825381,0.254823635918777,1.680777523459325e+18,0.1621969307954263,-0.0377454481901118,0.001427697254506,0.0032726169601408,0.2106178867216576,0.2557422200697993
25,1.6807775237912046e+18,0.4069259384890262,0.0426577568632871,-0.0074567478553165,-0.4534963228464447,0.2870676991412482,0.2384095966020794,1.6807775237912046e+18,-0.2872795728988043,-0.3373788764330196,-0.0188631663716911,-0.0195955264312198,0.0845173063518598,0.7314201096495905,1.6807775237912046e+18,0.4010118632358672,0.0341747133176151,0.0578727975965673,-0.3114077680264784,0.2128485588605188,0.217238210682886,1.6807775237912046e+18,0.007466126173921,-0.0037162092105126,0.0007957368049176,0.1658330939240285,0.2019516365310415,0.2321249738274413,1.6807775237912046e+18,0.2502677072770893,0.0252532414160668,-0.012496431270847,-0.1040650642544958,0.1419128384992303,0.2249829813907098,1.6807775237912046e+18,-0.9317839853465556,-0.7505315819289535,-0.0196978657040745,0.2248540257581393,0.1949463871209619,0.0984687272451954,1.6807775237912046e+18,0.573478592107417,0.1055391908014977,-0.0104187031609803,0.1584852572537585,0.1987472291326755,0.2166468395190013
26,1.6807775239532196e+18,0.1972427829850627,0.0345116264885392,-0.0202988280973828,-0.7084514512794031,-0.0852193092313454,-0.0089948466849189,1.6807775239532196e+18,-0.1186582917226456,-0.1429410279520406,-0.0133121851044615,-0.0567573017952022,0.0321441009560496,0.1564383149087482,1.6807775239532196e+18,0.1931566764561481,0.0065204622139969,0.0094036446657452,-0.670227310167119,-0.0005149913621994,0.0143979337715993,1.6807775239532196e+18,0.0043008840791527,0.0045998560259191,0.0029145206838211,-0.4437668035001911,0.1156133027873293,0.1082587414912737,1.6807775239532196e+18,0.2406292730011046,0.0108141638338565,-0.0120163410756504,-0.6651954230971358,0.0257935466350037,0.0386883386287969,1.6807775239532196e+18,-0.941647982224822,-0.2772951902588829,-0.0291978223249316,-0.3722113350392958,0.135441760534215,0.0495437966119744,1.6807775239532196e+18,-0.0227272021394409,-0.1280051690946574,0.0126318043684152,-0.4361716075558538,0.1133007318371984,0.1235455679651486
27,1.6807775241102044e+18,0.1876353152795609,0.020236861521097,0.0364250750337988,-0.1757328442052758,-0.1136083908796975,-0.0699369670222519,1.6807775241102044e+18,-0.115647586828225,-0.1386248913132579,-0.0122350195052804,0.0037650465301831,-0.0052655207463191,0.1998215226949895,1.6807775241102044e+18,0.1861020882328343,0.0235533529481453,-0.0533894243667148,-0.3480258214531306,-0.085649804832534,-0.0579591355393728,1.6807775241102044e+18,0.0033660247532019,0.0069726989769288,0.0025165945839202,-0.6254460083897196,-0.0296820968840977,0.0228438576308424,1.6807775241102044e+18,0.2455293415114283,0.0175231886096298,-0.0116110731178196,-0.4870328741711043,-0.1052478166746037,-0.0328625749802328,1.6807775241102044e+18,0.4507570974528789,-0.0586006074445322,0.0302427285350859,-0.613136098502902,-0.0365701740311328,0.0214954858482889,1.6807775241102044e+18,0.4095058736015247,0.277377317192259,0.0019197322412706,-0.6542811991907954,-0.0293203613544519,-0.0138224216156461
28,1.6807775242612037e+18,0.1701040369986852,-0.0029742292490115,0.0006844389674085,0.3766846302180212,0.1436393903483857,-0.1242438728064876,1.6807775242612037e+18,-0.1193494128058918,-0.1480267566820838,-0.0133113210170865,-0.0058804611974239,-0.2488936476516264,0.0790328843838708,1.6807775242612037e+18,0.1761432957915456,0.0125262050252015,-0.0768636887274896,0.1599742046696415,0.0310243339152545,-0.1161954861168244,1.6807775242612037e+18,0.0032509571206773,0.0037384048907612,0.0012340328214258,-0.3025552369279646,-0.0463997547614979,-0.0611359961807934,1.6807775242612037e+18,0.2504881033673882,0.0240961867384612,-0.001699478336377,0.0154980682884274,0.0019623637231162,-0.1204821106928429,1.6807775242612037e+18,0.068189674988389,-0.0039828276494517,0.0123479256872087,-0.3073095931801997,-0.042214142353993,-0.0618813333855906,1.6807775242612037e+18,-0.1958380589063484,-0.1919895878120009,0.0271324155597412,-0.283242968221313,-0.0439628382963823,-0.0383289639361864
29,1.6807775245812306e+18,0.3767019290046551,-0.0037396621231209,0.0102749126204249,1.4041756342689855,-0.0839673621074803,0.1850597965486541,1.6807775245812306e+18,-0.2820870413115415,-0.3656094595876231,-0.0196009587185383,0.0223975109419626,-0.3718493138667648,-0.094251888596222,1.6807775245812306e+18,0.391114979708778,0.0521117536872757,-0.0186217504899069,1.4216194526787989,0.0079054398463981,0.1386023353047841,1.6807775245812306e+18,0.002001745637024,-0.0112298647127512,-0.0041028885710469,0.9861047821644744,0.043282083316905,-0.1260795852168395,1.6807775245812306e+18,0.2414344004355371,0.0311098750680685,-0.0013399374147411,1.4217235742814396,-0.005372551528812,0.030558887850325,1.6807775245812306e+18,0.2485681157559156,-0.0038356826407834,-0.0374279835959896,1.0250700039146974,0.040102135372594,-0.1266419198307658,1.6807775245812306e+18,0.7952025733945778,-0.0371298864564273,-0.0455444017422731,0.980085745974887,0.0332201709925305,-0.1265055227032798
30,1.6807775247501038e+18,0.2254932996467431,0.0194507175577105,-0.0176439092335609,0.0684638353661189,-0.2326817361149813,0.1596996680456921,1.6807775247501038e+18,-0.1457184029028497,-0.1950934781221383,-0.0145446533768267,0.0113422245638194,0.0503126090684956,-0.1235715458991062,1.6807775247501038e+18,0.2021646000073413,0.0088685996806434,0.0606514635431024,0.2389570037277965,-0.1441329301322443,0.1923321696911136,1.6807775247501038e+18,0.0009572865701397,-0.0089388161302337,-0.0037135198475002,0.646151947178801,-0.1272480312907811,0.1761968752869286,1.6807775247501038e+18,0.2317042150534689,0.0174452858045697,-0.002233395629446,0.3417020739215556,-0.1540566937020904,0.1942184783380483,1.6807775247501038e+18,0.4913905560970306,0.0370466106105595,-0.060528561938554,0.644379301610417,-0.1287676191107208,0.1756269772936164,1.6807775247501038e+18,0.3262273695819289,0.0561080492249893,0.1087375474646564,0.7048521789764076,-0.1141875915227117,0.1696311595919686
31,1.680777524917114e+18,0.2055414896899723,0.0421570804699731,0.0428269567731313,0.0946721740161455,0.0564398602922053,0.2537190485684773,1.680777524917114e+18,-0.1055544143756335,-0.1518042353009798,-0.0211396858621224,0.0955116131236765,0.4107019595039586,0.0475405235086797,1.680777524917114e+18,0.220239303000735,0.0296856436448591,0.0118760013513853,0.0385767219072537,-0.0683406671112778,0.2207656155451953,1.680777524917114e+18,0.0032812780293456,-0.0040656035446412,-0.0015148259147479,0.1810089851935324,-0.138422112381285,0.2082596093795303,1.680777524917114e+18,0.2269932390190661,0.0098179150372743,0.007044817393762,0.0425050581802394,-0.0718800373206025,0.197079272034676,1.680777524917114e+18,0.4530754303559661,0.101304488023743,-0.0568708305945619,0.158780151513915,-0.1397114297184518,0.2013188914177538,1.680777524917114e+18,0.0041060886447432,-0.0589568424380018,-0.1065179102425145,0.1317680978430041,-0.1512338066626021,0.2109559550208557
32,1.680777525072087e+18,0.2074139509155266,0.0234481507138779,0.0181798306710892,-0.1821181430941765,-0.048264789369643,0.1730843875359624,1.680777525072087e+18,-0.0771112549158146,-0.1119338512896801,-0.0133311629163781,0.0549504709860086,0.1193121334833201,0.0980196418237952,1.680777525072087e+18,0.1977262545386171,0.0174915977106597,0.0259888950508824,-0.119876272057004,0.0316260962620981,0.1875604662423808,1.680777525072087e+18,0.0012010666084503,-0.0008495640321775,-0.0001803624162182,0.0050180561822277,-0.0094194016852958,0.1934970094880326,1.680777525072087e+18,0.2409073384478688,0.0091931470669806,0.0065512877627043,-0.0200185199081356,0.0109324767497097,0.1928011639593232,1.680777525072087e+18,0.2378524485975504,-0.0079268922563642,0.0601203277474269,0.0067127177466539,-0.0074904616717336,0.1976086252629122,1.680777525072087e+18,0.2668527983421374,-0.0171756621894209,0.0813547840344649,0.0575510561279425,-0.0007333662627386,0.1998087590806548
33,1.68077752522812e+18,0.1848862902419288,0.043607011277666,-0.0300120798718281,-0.6351357841832104,0.0699790529959686,0.142148650182417,1.68077752522812e+18,-0.1177957604909645,-0.1566348134965096,-0.0278559808671681,0.0935136630666088,0.2696396813280995,0.1878012213305707,1.68077752522812e+18,0.1921826104203372,0.005336344514436,0.0667506952253076,-0.510539059511464,-0.0453619333918733,0.1261989538676806,1.68077752522812e+18,0.0006987336425625,-1.1261446859756052e-05,0.0007211576746988,-0.1038100504813452,0.0133569802877908,0.1988143134465569,1.68077752522812e+18,0.2505308724939823,0.0219562379643321,-0.0134166656789602,-0.3901024637372294,-0.014202705132165,0.1597812051122792,1.68077752522812e+18,0.3288256535306573,0.0310447898227721,-0.0874205399304628,-0.1026506842507656,0.0116083520989004,0.1995221938376996,1.68077752522812e+18,0.4367768650823969,0.104539612374389,-0.1007641446066333,-0.0866930420585886,-0.0007213689916707,0.1848295122130442
34,1.680777525544108e+18,0.4389695284326222,0.0357156575581927,-0.006968132500861,-0.9947869439340076,-0.2438375947927746,-0.082840141221491,1.680777525544108e+18,-0.2152142208180778,-0.2753202866646367,-0.0460513511922924,0.1189283913931755,-0.0317406370084714,0.3157494219431206,1.680777525544108e+18,0.4109968088023414,0.0571415973965248,-0.0978100594805521,-1.1584316586465606,-0.1389009035182395,0.0025507191113273,1.680777525544108e+18,0.0057798151020644,0.0150404664721034,0.0052861477204239,-1.3410777653740955,-0.0927546118624063,0.0997758937540892,1.680777525544108e+18,0.2555483756586909,0.0280311899259686,-0.0132993593288119,-1.3060094743910802,-0.2352394118253589,-0.0164012078782789,1.680777525544108e+18,0.6479806862771511,0.042099793208763,0.0543748106574639,-1.3421460042321611,-0.0970845736519824,0.0914123267190564,1.680777525544108e+18,-0.0756895637119505,-0.0037481000025798,0.0061843798434777,-1.3718506122163894,-0.0935649710078642,0.0986668853411261
35,1.6807775257171123e+18,0.2228515378986326,0.0392209464948354,0.0058329443995275,0.3246723710491939,-0.1479938731754051,0.211512243780993,1.6807775257171123e+18,-0.1195065481397166,-0.1467009508709038,0.002800029652354,0.0688777786791753,-0.18079630919048,0.0833053742823814,1.6807775257171123e+18,0.2516092468943629,0.0412561424951234,-0.0526143038439679,0.1907034473298577,-0.1699224620633116,0.1067012105483737,1.6807775257171123e+18,0.0008027441302829,0.004136197632264,0.0009805871914235,-0.3652919907503738,-0.1218795817272475,0.0197328794678728,1.6807775257171123e+18,0.2556712417863309,0.0280360565520823,-0.0037134228623472,-0.0116734214492408,-0.1327473163926756,0.0752697556872298,1.6807775257171123e+18,-0.1165780154988169,-0.0234548586886376,0.1144629745976999,-0.3835948987130439,-0.1130531003682847,0.0205592936264516,1.6807775257171123e+18,0.485249900852466,-0.0342615549783476,0.0992285488281294,-0.440128587388837,-0.1069615334390683,0.0234279310593959
36,1.6807775258750822e+18,0.2269446358433047,0.002886687373951,-0.0198580348385128,0.6994713521580258,0.0837539486848968,0.1343865900654625,1.6807775258750822e+18,-0.1346384962584945,-0.165405829392002,0.0180558254214195,0.095144122627613,-0.2977592640422458,0.0511038646332713,1.6807775258750822e+18,0.2253140779486031,0.0102463572470341,-0.0386531653304644,0.5791606394700732,-0.0146160275650987,0.1709049583968749,1.6807775258750822e+18,0.0035763523995759,-0.0046852255055012,-0.0018983097314981,0.2782680193338324,-0.1023830879700222,0.1300439840447941,1.6807775258750822e+18,0.2608767813071608,0.0339859626255929,0.0058461606095079,0.5407401498434655,-0.046589414158404,0.1468091910320099,1.6807775258750822e+18,0.8180387997999787,0.0213250025408342,-0.0788287081522867,0.2806602757308547,-0.1045436420909446,0.1290178329891585,1.6807775258750822e+18,0.22709854803945,0.091372984003467,0.0172332223282378,0.3633543369796593,-0.10315627968848,0.1143229609510849
37,1.680777526191087e+18,0.4464762934808401,0.0430395762147297,-0.02764646498715,0.4647842633904465,0.3497508606609413,0.2766279272805398,1.680777526191087e+18,-0.2811422371604144,-0.3579771517351844,-0.0198464528088444,0.169204290551782,-0.1086406706706625,0.2097891648728458,1.680777526191087e+18,0.4479671236567952,0.02662387353125,0.0905646214467422,0.739320009828496,0.2830853002629419,0.2751468936884405,1.680777526191087e+18,0.0059985309568046,-0.0164702781721758,-0.0043292156257016,1.186266699214384,0.1316178359353516,0.3333052391844884,1.680777526191087e+18,0.2696371488273144,0.027022436261177,-0.0050644264265429,0.9930134559516368,0.3001553157251101,0.3026615338697178,1.680777526191087e+18,1.0821084044873714,0.1554625042481348,-0.0946252923458814,1.2142569615473549,0.1220259340346735,0.3262314661469684,1.680777526191087e+18,0.7457261316700592,-0.1184408842738754,-0.0590885242185499,1.1529829172514283,0.1198264188325561,0.3447695417053741
38,1.6807775263460933e+18,0.2259136636517329,0.025047128378602,0.0475779599150619,-0.3334243584132452,0.1423064712522024,-0.0622034420023492,1.6807775263460933e+18,-0.1162954143485195,-0.1496806721387322,-0.0181861047243128,-0.0107335519250263,0.2613135007693247,0.1372979846185575,1.6807775263460933e+18,0.200483289158706,0.0120011243555837,0.0366014847231837,-0.3234496632273849,0.227638938573974,0.0134217876006157,1.6807775263460933e+18,0.0036275819613234,-0.0023015309584558,0.0012102533713909,0.1226158369708724,0.2113425185685389,0.1053668054334149,1.6807775263460933e+18,0.2876696418970823,0.0120162134990096,0.0054475438373629,-0.2273540988871351,0.1945577442568863,0.0341005185434946,1.6807775263460933e+18,-0.0773713644593954,-0.0675474968738854,-0.005514204967767,0.1444850817233008,0.2058420303290403,0.1030480820076187,1.6807775263460933e+18,-0.0092920445191513,-0.0743755267486967,0.0333276161330383,0.0648636252214654,0.2177124078052993,0.1077758179740973
39,1.6807775265029783e+18,0.1906837273331305,0.0429381152966952,-0.031381465081101,-0.4605704984443994,0.237894717363031,-0.1531632077383246,1.6807775265029783e+18,-0.1342751460747098,-0.1606495866557695,-0.0081584216305188,0.0017615072036187,0.092006228555143,0.0702001095866338,1.6807775265029783e+18,0.1932455760509803,0.0135856696702276,-0.038567938012644,-0.4810916148431717,0.2336657991438148,-0.1450313097690497,1.6807775265029783e+18,0.0069214882734973,0.0044552076219585,0.0028396182846286,-0.3762176458005206,0.1994356072815798,-0.0069075007081805,1.6807775265029783e+18,0.2785473288968205,0.0188471805304288,-0.0132996836618985,-0.5096083643102822,0.207419290922599,-0.0823968408760204,1.6807775265029783e+18,0.8079323573037982,-0.105586388031952,0.0798372391145676,-0.3877554053754624,0.2013545452387975,-0.004091441168615,1.6807775265029783e+18,0.0781732226297684,0.0020012374866962,-0.0353654589078856,-0.3320126099835386,0.1941431233377719,-0.0045532406336749
40,1.68077752667497e+18,0.2383000048100498,0.0030502577579063,-0.0114908200098819,0.0492439521582088,-0.2718055796936551,-0.3968759609791557,1.68077752667497e+18,-0.160799711591546,-0.2035144058260876,-0.0257415489831958,-0.0741614825524826,0.0830660944506997,0.0978940580058339,1.68077752667497e+18,0.2083332578513204,0.0165527728501075,-0.0634838380951162,-0.0627816875465905,-0.0609087549331248,-0.362176086825284,1.68077752667497e+18,0.0036175338489963,0.0065815855723093,0.0036328564309548,-0.4538506454735316,0.2290349948402492,-0.1734765644536266,1.68077752667497e+18,0.2835801565088331,0.0259977844543755,-0.0119984971242956,-0.2410242399579598,0.0274632318012216,-0.3148935113971882,1.68077752667497e+18,-0.1699410062283277,0.0275573602411896,0.0544805006356909,-0.4579599469728869,0.2310029110643199,-0.1806668709349585,1.68077752667497e+18,0.6675201735703169,0.1202045198681585,0.0070918440498299,-0.4825998591429072,0.2272097122556983,-0.1915374992145229
41,1.6807775268380086e+18,0.2278734986727002,-0.0050494828183789,-0.0219798064290937,0.2793273465100203,-0.3776778987182955,-0.3960117463630949,1.6807775268380086e+18,-0.1597829644814816,-0.203343901883624,-0.0133662087453947,-0.1917000303565976,-0.14626471292328,-0.1642100862442437,1.6807775268380086e+18,0.2488067895148855,0.0045736725960203,0.0161160161543182,0.2457868796909705,-0.5349211947167233,-0.3806730563273856,1.6807775268380086e+18,0.0112201918958172,0.0015817293997956,-0.0015816310234498,-0.035297877440253,-0.1938350154580806,-0.3524833942899014,1.6807775268380086e+18,0.2745412709191441,0.0342403654940426,-0.0114709529152605,0.2305724072687734,-0.4542486331375255,-0.4004593817924591,1.6807775268380086e+18,0.4087959071621299,0.018333688029088,0.0381237145047634,-0.0209120776089038,-0.1955902941917589,-0.3588043364452119,1.6807775268380086e+18,0.1961102815542865,-0.1111027796298813,0.0800653740961194,0.0202182698752457,-0.1835734969125941,-0.3406099246842188
42,1.6807775271490074e+18,0.4700103288810027,0.0235744791339345,0.0154427603885184,-0.3700769760933464,-0.6189377618377488,-0.8678587351709944,1.6807775271490074e+18,-0.2753396229303808,-0.3775808451412743,-0.0335513131270248,0.1616195381459007,-0.0182526107940089,-0.5834788980128871,1.6807775271490074e+18,0.4427914243929436,0.015668777945984,0.0446180286521238,-0.2213804668261012,-0.5956414925319363,-0.7996905254627906,1.6807775271490074e+18,-0.0195531216686113,0.0034860332946837,-0.006123263464109,0.199495921652168,-0.9068381891864,-0.7440971726697851,1.6807775271490074e+18,0.2732736268080771,0.0161225865595042,-0.0142817408486735,-0.0190207621441117,-0.7668382118689161,-0.8159874590536272,1.6807775271490074e+18,1.5166746880859137,-0.1787255526287481,0.213769220164977,0.1982341650653104,-0.9088387908425222,-0.7397025847828823,1.6807775271490074e+18,0.3064066209951779,0.0211372649173008,-0.0865527573336203,0.217346728843043,-0.9216430677626736,-0.7462747905844958
43,1.6807775272999245e+18,0.2318976478196148,0.0083916685795271,-0.0276665926753361,-0.2878613434998149,0.2700157872838369,-0.5095372217890625,1.6807775272999245e+18,-0.1172214614690871,-0.1648993511325791,-0.016653994886794,0.0873321599872464,0.0048997330248875,-0.1905167023312047,1.6807775272999245e+18,0.2432449104694605,0.0032548375194365,-0.0133184100943953,-0.2992383105009147,0.1057361476146091,-0.4836048633026442,1.6807775272999245e+18,0.0025557390140269,0.0052300095837857,-4.932702634391495e-05,-0.2428389049551446,-0.1706913205484623,-0.4540120746116739,1.6807775272999245e+18,0.2824469520710408,0.0130641041323542,0.0016131456068251,-0.2820815241901168,0.046044387365521,-0.5030548108671528,1.6807775272999245e+18,0.7540639536455274,-0.1884827986359596,0.070061037200503,-0.203878010878922,-0.168792914867849,-0.4457632085867101,1.6807775272999245e+18,-0.0410535986764255,-0.0476459815654247,0.1274406265086586,-0.2731087606508354,-0.1532874867244793,-0.4528649391190213
44,1.6807775274609285e+18,0.232749286574311,0.0151438234971699,-0.0255348682043656,-0.0540375303817744,0.4909407070728229,-0.4754618513719948,1.6807775274609285e+18,-0.1403147305084964,-0.2247072272186088,-0.0178260275611559,0.1722170051647322,-0.0744945652396842,-0.4598729775922691,1.6807775274609285e+18,0.2501008259841324,0.0221289613834552,-0.0560757261199575,-0.1157681601736027,0.4394532107071529,-0.5095747121615702,1.6807775274609285e+18,0.0024857505971347,0.0068333845091068,0.0027740070018454,-0.2743855162054208,0.2142219374717472,-0.5392201026831087,1.6807775274609285e+18,0.2877025436609983,0.0217472617514431,0.0219587066676467,-0.1785839203873096,0.4233076651929327,-0.5463406488059865,1.6807775274609285e+18,1.6136915953829885,0.1324487343663349,0.0031708040041849,-0.305529063344783,0.2136157589416108,-0.5440153433777228,1.6807775274609285e+18,0.4361708245554503,0.0525927725539457,-0.1496660678846575,-0.2657277708154846,0.1953984984227616,-0.5431233104416004
45,1.6807775277978903e+18,0.4813145915009471,0.0228211786262562,-0.028873156088584,1.0246858490214037,0.4142134049612671,0.1707109468273154,1.6807775277978903e+18,-0.3357874794932045,-0.5081443137900905,-0.0160407591145061,-0.0143671942190455,-0.2100613413847849,-1.1123020267237844,1.6807775277978903e+18,0.5067787073196595,0.064189987437558,-0.0924386697103129,0.9581268217134792,0.6250552622933733,-0.0519780609313033,1.6807775277978903e+18,0.0134617058361632,-0.0007896040055347,0.0042867963330477,0.3768855609951502,0.933594599907197,-0.5990855288841035,1.6807775277978903e+18,0.3096246109344065,0.0197102897800505,-0.0065390870731789,0.7864500813666784,0.753919863176935,-0.1826001147180025,1.6807775277978903e+18,0.8049222724512219,-0.194744721869938,0.1110249522607773,0.4401582244870464,0.9340466852986844,-0.5911333466650321,1.6807775277978903e+18,1.0401548022016789,-0.08921538143089,0.1287549476830374,0.3907550527843244,0.9466814061928472,-0.5872714967443444
46,1.6807775279518874e+18,0.2213985998575012,0.0259868892375603,0.0059437565255996,0.0822605580198858,-0.2300372746844624,0.1250288140982293,1.6807775279518874e+18,-0.1488119344239282,-0.2193055627904137,-0.0142867305757885,-0.1615726364162474,-0.0097866326539461,-0.4247166990219738,1.6807775279518874e+18,0.2055921876686994,0.0124441015518712,0.0481631479420572,0.2147846345603072,-0.1255600355947761,0.1547810047380076,1.6807775279518874e+18,0.0018188902843796,-0.0074194058751846,-0.0017294595957704,0.5030920650510156,0.0441513559532773,0.1829410389494266,1.6807775279518874e+18,0.2956573646515608,0.0202257931232452,-0.0126180538645712,0.3066550632493268,-0.1448802290345796,0.1694262791820889,1.6807775279518874e+18,0.6289488188922405,-0.0811989549547433,0.0831831677351147,0.4539250902682053,0.0453597363732072,0.1787692779915806,1.6807775279518874e+18,-0.0004216518455635,0.0019400146445199,-0.0613731343992284,0.4892936663122669,0.0337328020733958,0.1749068928087945
47,1.6807775281118633e+18,0.209095570087328,0.0241384373144055,-0.0124622650367178,-0.1380104635187738,0.0998714124413852,0.2624327503217848,1.6807775281118633e+18,-0.1112918521916292,-0.1672289322832263,-0.0218942445890522,-0.1336388211223598,0.1534622345774498,-0.0960035030331802,1.6807775281118633e+18,0.2384542225087678,0.0298724686796589,0.02534519698911,-0.1031184267121843,-0.0686244789783167,0.2209682058886218,1.6807775281118633e+18,-0.0024550961732678,-0.0019073871675038,-0.0016203610642127,0.1302765680115779,-0.1759084770089343,0.1579424538755822,1.6807775281118633e+18,0.2909754510037601,0.0124166067689657,-0.0135044351918622,-0.0282660868025389,-0.1138818857843217,0.1657773152684714,1.6807775281118633e+18,1.390403451398015,0.3411108832806349,-0.0924265247303992,0.1548506933334449,-0.1904465956135274,0.1300191776155087,1.6807775281118633e+18,0.1222776287440723,0.0690599199310562,-0.0307771069651418,0.1328851820802249,-0.1814344685037552,0.1501066563993386
48,1.6807775282629112e+18,0.2155077056709586,0.0400315296831741,-0.0182821570467623,-0.2188859862473963,0.2071741881055693,0.1747423167281284,1.6807775282629112e+18,-0.1216658074667962,-0.1728591733440634,-0.0299500744390828,-0.1134119488105904,0.1897415680886114,0.0434921407648391,1.6807775282629112e+18,0.2110154200430187,0.0111530429435184,0.0190162323933901,-0.2137693126615623,0.1256313898588627,0.1946376825650124,1.6807775282629112e+18,0.0039858535463492,-0.0005412518599917,0.0003711679362716,-0.0916692835753141,-0.0032485319960571,0.2137056277521704,1.6807775282629112e+18,0.2679836936295032,0.0173415718600153,-0.0136593496135901,-0.1715173458565685,0.1211669339713045,0.2192950235407026,1.6807775282629112e+18,-0.3172423094511032,0.5219164367299527,-0.1062988380435854,-0.0756754749008983,-0.0105486339977791,0.1722004235498083,1.6807775282629112e+18,0.0543690497353921,0.0145942424558562,-0.0599709552610808,-0.0550072705676812,-0.0107168276604333,0.2122155663697629
49,1.6807775284228744e+18,0.2272278376967591,0.0197700699821981,0.0247145621474784,-0.1544460858752926,0.2637676581938518,0.0454547687726892,1.6807775284228744e+18,-0.1435591413950829,-0.1889388009329771,-0.0236288577071777,-0.1214576299131492,0.1267385210175977,0.3929708018498339,1.6807775284228744e+18,0.2172255818230937,0.0210414501956297,-0.0341050789334206,-0.2242663537157861,0.2881986326144829,0.08993897156557,1.6807775284228744e+18,0.0028525204007436,0.0013656370910861,0.0023229632955215,-0.211480001382823,0.2010063776845923,0.2011697241126892,1.6807775284228744e+18,0.2777075977064669,0.029843165539205,-0.0029263025498948,-0.2309532475168506,0.262418971481258,0.1178326331734452,1.6807775284228744e+18,1.2228632317855954,0.5483429898740724,-0.1144448916893452,-0.1902050916530435,0.1946950625085003,0.1635505571628617,1.6807775284228744e+18,1.3338837056000408,0.1268711213966912,-0.0317575213711687,-0.2245803399174135,0.1930902599604286,0.18688326395077